demanda,geracao
1.972,0
3.0169999999999995,1
3.728,2
2.9590000000000005,3
1.842,4
2.4939999999999998,5
1.7460000000000002,6
2.302,7
2.588,8
3.2910000000000004,9
3.081,10
2.386,11
1.898,12
2.65,13
3.856,14
2.8280000000000003,15
2.26,16
2.1999999999999997,17
1.827,18
1.706,19
2.238,20
3.6270000000000002,21
2.985,22
3.057,23
1.584,24
3.146,25
3.458,26
1.6380000000000001,27
2.7310000000000003,28
3.264,29
