demanda,geracao
3.2489999999999997,0
3.307,1
3.229,2
2.2079999999999997,3
3.1009999999999995,4
2.3729999999999998,5
3.715,6
2.394,7
2.534,8
2.856,9
2.601,10
3.363,11
1.718,12
3.2089999999999996,13
2.798,14
2.5180000000000002,15
3.0709999999999997,16
2.8259999999999996,17
2.124,18
3.155,19
2.955,20
2.446,21
2.578,22
2.2049999999999996,23
1.8890000000000002,24
3.8059999999999996,25
1.701,26
3.47,27
2.944,28
3.546,29
