demanda,geracao
2.239,0
2.942,1
2.1610000000000005,2
3.028,3
3.237,4
2.0469999999999997,5
2.999,6
2.927,7
2.0020000000000002,8
2.58,9
1.859,10
2.833,11
3.1630000000000003,12
1.9499999999999997,13
1.84,14
2.2529999999999997,15
1.7510000000000001,16
1.968,17
2.5580000000000003,18
3.125,19
1.749,20
2.694,21
2.802,22
2.7020000000000004,23
3.412,24
2.136,25
3.823,26
3.3240000000000003,27
2.632,28
3.2209999999999996,29
