demanda,geracao
1.812,0
3.271,1
2.394,2
3.3699999999999997,3
2.7119999999999997,4
2.218,5
2.049,6
2.773,7
1.764,8
3.537,9
2.595,10
3.1000000000000005,11
3.676,12
3.527,13
2.179,14
2.4,15
2.6099999999999994,16
3.812,17
2.176,18
2.024,19
2.392,20
3.1209999999999996,21
3.1270000000000002,22
3.656,23
3.38,24
2.865,25
2.993,26
2.8550000000000004,27
3.292,28
2.612,29
