demanda,geracao
3.4299999999999997,0
2.6919999999999997,1
3.108,2
2.202,3
2.8409999999999997,4
3.446,5
3.6220000000000003,6
3.329,7
3.59,8
3.4530000000000003,9
3.265,10
2.847,11
2.269,12
2.199,13
3.8660000000000005,14
3.3910000000000005,15
2.5959999999999996,16
1.765,17
2.1220000000000003,18
2.745,19
