demanda,geracao
3.4900000000000007,0
3.367,1
2.891,2
3.018,3
3.693,4
3.161,5
3.639,6
1.863,7
1.758,8
2.7279999999999998,9
1.947,10
2.7720000000000002,11
2.6609999999999996,12
3.4490000000000007,13
2.178,14
2.8549999999999995,15
1.7560000000000002,16
2.629,17
2.441,18
3.373,19
2.239,20
3.467,21
3.556,22
3.5829999999999997,23
3.4290000000000003,24
2.0810000000000004,25
3.6060000000000003,26
2.161,27
3.8980000000000006,28
2.268,29
