demanda,geracao
3.1270000000000002,0
1.7039999999999997,1
2.38,2
3.6180000000000003,3
3.5320000000000005,4
2.761,5
2.915,6
3.176,7
3.495,8
2.325,9
2.133,10
2.9109999999999996,11
1.931,12
2.3899999999999997,13
3.597,14
2.7809999999999997,15
3.077,16
2.755,17
1.667,18
2.785,19
