demanda,geracao
1.6480000000000001,0
2.2779999999999996,1
2.564,2
3.562,3
2.5340000000000003,4
2.655,5
2.162,6
2.408,7
3.294,8
1.8150000000000002,9
2.111,10
2.87,11
3.417,12
3.103,13
3.24,14
1.9509999999999998,15
2.778,16
2.125,17
2.9010000000000002,18
2.302,19
2.7180000000000004,20
2.217,21
3.198,22
2.065,23
3.0929999999999995,24
1.827,25
2.422,26
2.037,27
2.9109999999999996,28
2.6839999999999997,29
