demanda,geracao
2.602,0
3.5789999999999997,1
2.347,2
3.0110000000000006,3
2.215,4
3.008,5
3.61,6
3.6980000000000004,7
2.907,8
2.8979999999999997,9
2.9699999999999998,10
1.7750000000000001,11
3.073,12
2.671,13
3.132999999999999,14
3.4960000000000004,15
3.295,16
2.162,17
3.5509999999999997,18
3.541,19
3.4909999999999997,20
3.4250000000000007,21
2.4299999999999997,22
1.705,23
1.897,24
3.426,25
2.683,26
1.767,27
2.9829999999999997,28
2.025,29
