demanda,geracao
5.518999999999999,0
4.642,1
2.9759999999999995,2
6.295000000000001,3
3.29,4
3.4669999999999996,5
5.912,6
3.359,7
3.31,8
2.932,9
5.782,10
3.566,11
6.395000000000001,12
4.827,13
5.16,14
5.164,15
5.469,16
4.124,17
6.724000000000001,18
4.678,19
