demanda,geracao
2.618,0
2.8960000000000004,1
2.864,2
2.329,3
3.713,4
3.6750000000000003,5
2.263,6
3.107,7
3.698,8
1.6640000000000001,9
2.9789999999999996,10
3.001,11
3.0269999999999992,12
1.7309999999999999,13
1.9929999999999999,14
1.722,15
2.411,16
3.5730000000000004,17
2.889,18
3.4050000000000002,19
