demanda,geracao
3.8030000000000004,0
3.802,1
3.521,2
3.5200000000000005,3
2.8329999999999997,4
3.039,5
3.3610000000000007,6
2.8549999999999995,7
3.988,8
3.4240000000000004,9
1.8599999999999999,10
1.9409999999999998,11
2.276,12
3.1879999999999997,13
2.3369999999999997,14
2.8619999999999997,15
1.754,16
3.1110000000000007,17
2.2710000000000004,18
3.234,19
