demanda,geracao
1.756,0
2.04,1
3.57,2
3.32,3
3.2190000000000003,4
2.251,5
2.604,6
2.193,7
2.158,8
3.07,9
3.8249999999999997,10
2.95,11
1.794,12
2.501,13
2.521,14
1.796,15
2.2070000000000003,16
1.72,17
3.452,18
2.832,19
