demanda,geracao
2.023,0
2.687,1
1.748,2
2.08,3
2.209,4
2.065,5
2.381,6
2.586,7
3.328,8
2.123,9
2.374,10
3.399,11
3.637,12
3.553,13
3.3159999999999994,14
2.205,15
2.6580000000000004,16
2.2319999999999998,17
2.1470000000000002,18
3.4949999999999997,19
2.9160000000000004,20
3.3480000000000003,21
2.66,22
2.898,23
1.8319999999999999,24
3.1100000000000003,25
2.3970000000000002,26
3.548,27
2.362,28
3.651,29
