demanda,geracao
3.2729999999999997,0
2.7699999999999996,1
3.822,2
2.417,3
3.3139999999999996,4
1.9269999999999998,5
3.4,6
2.03,7
3.125,8
2.138,9
3.395,10
2.283,11
1.9,12
2.322,13
2.859,14
2.783,15
2.205,16
3.223,17
2.4719999999999995,18
1.891,19
2.605,20
1.886,21
2.14,22
2.2769999999999997,23
1.999,24
2.2720000000000002,25
2.172,26
3.5439999999999996,27
2.294,28
1.952,29
