demanda,geracao
2.5860000000000003,0
2.9279999999999995,1
1.7049999999999998,2
3.62,3
3.4120000000000004,4
2.241,5
3.8890000000000002,6
3.3199999999999994,7
2.147,8
2.923,9
2.5749999999999997,10
2.058,11
2.9370000000000003,12
2.739,13
2.8830000000000005,14
2.031,15
3.524,16
1.852,17
1.556,18
2.29,19
